Image,Label
46.jpeg,19
1058.jpeg,28
482.jpeg,25
858.jpeg,37
1202.jpeg,48
347.jpeg,35
357.jpeg,18
1330.jpeg,32
593.jpeg,15
721.jpeg,35
1307.jpeg,25
545.jpeg,34
323.jpeg,27
704.jpeg,9
911.jpeg,18
589.jpeg,46
1431.jpeg,48
529.jpeg,10
685.jpeg,35
225.jpeg,37
420.jpeg,35
738.jpeg,35
904.jpeg,20
444.jpeg,35
1098.jpeg,35
1218.jpeg,9
1249.jpeg,31
936.jpeg,34
977.jpeg,32
356.jpeg,35
555.jpeg,35
37.jpeg,31
974.jpeg,21
791.jpeg,21
1114.jpeg,28
1036.jpeg,9
910.jpeg,21
1464.jpeg,26
402.jpeg,47
192.jpeg,47
1119.jpeg,35
584.jpeg,34
1043.jpeg,35
1439.jpeg,0
2.jpeg,24
1126.jpeg,32
129.jpeg,29
1380.jpeg,40
4.jpeg,21
943.jpeg,30
1207.jpeg,0
231.jpeg,20
245.jpeg,33
67.jpeg,9
857.jpeg,37
886.jpeg,35
382.jpeg,18
1151.jpeg,0
783.jpeg,27
85.jpeg,25
1160.jpeg,35
3.jpeg,11
498.jpeg,25
709.jpeg,10
1491.jpeg,45
111.jpeg,29
885.jpeg,35
996.jpeg,35
1315.jpeg,18
92.jpeg,35
1488.jpeg,18
1189.jpeg,18
805.jpeg,36
211.jpeg,35
236.jpeg,18
752.jpeg,29
843.jpeg,38
159.jpeg,35
890.jpeg,35
565.jpeg,18
383.jpeg,10
1072.jpeg,20
284.jpeg,48
203.jpeg,20
1029.jpeg,31
644.jpeg,35
1226.jpeg,20
202.jpeg,31
1386.jpeg,0
1454.jpeg,45
1280.jpeg,32
316.jpeg,37
276.jpeg,18
229.jpeg,30
534.jpeg,15
789.jpeg,5
604.jpeg,20
556.jpeg,18
1287.jpeg,35
1141.jpeg,19
815.jpeg,3
98.jpeg,10
1493.jpeg,9
767.jpeg,35
1327.jpeg,13
378.jpeg,35
1408.jpeg,19
991.jpeg,32
74.jpeg,20
941.jpeg,35
505.jpeg,35
1449.jpeg,25
1458.jpeg,45
141.jpeg,28
807.jpeg,35
1286.jpeg,9
938.jpeg,21
1304.jpeg,21
413.jpeg,19
115.jpeg,3
1237.jpeg,18
1396.jpeg,35
1007.jpeg,35
1394.jpeg,35
1013.jpeg,40
1009.jpeg,27
956.jpeg,48
1411.jpeg,20
877.jpeg,28
1482.jpeg,27
435.jpeg,35
856.jpeg,31
782.jpeg,37
1236.jpeg,35
1309.jpeg,35
917.jpeg,37
784.jpeg,40
445.jpeg,20
481.jpeg,0
797.jpeg,47
254.jpeg,35
133.jpeg,26
1267.jpeg,31
860.jpeg,20
736.jpeg,45
1374.jpeg,39
735.jpeg,25
826.jpeg,3
1093.jpeg,27
722.jpeg,20
1338.jpeg,29
201.jpeg,0
880.jpeg,18
157.jpeg,39
1051.jpeg,31
897.jpeg,36
1.jpeg,25
1214.jpeg,0
220.jpeg,21
990.jpeg,29
801.jpeg,35
1259.jpeg,27
84.jpeg,27
1414.jpeg,26
506.jpeg,35
257.jpeg,48
1402.jpeg,0
1328.jpeg,37
666.jpeg,28
1195.jpeg,34
258.jpeg,31
1427.jpeg,27
364.jpeg,45
333.jpeg,32
821.jpeg,0
553.jpeg,35
1348.jpeg,27
902.jpeg,47
1375.jpeg,29
952.jpeg,25
1436.jpeg,21
786.jpeg,32
1235.jpeg,19
1483.jpeg,9
544.jpeg,16
246.jpeg,29
536.jpeg,39
561.jpeg,29
1378.jpeg,45
828.jpeg,19
619.jpeg,25
1241.jpeg,9
1253.jpeg,18
1473.jpeg,35
289.jpeg,3
887.jpeg,47
718.jpeg,47
394.jpeg,27
86.jpeg,47
50.jpeg,35
1346.jpeg,34
559.jpeg,25
401.jpeg,35
1300.jpeg,35
1335.jpeg,35
1326.jpeg,48
21.jpeg,18
1319.jpeg,31
620.jpeg,19
914.jpeg,37
1211.jpeg,35
147.jpeg,37
262.jpeg,39
325.jpeg,29
1405.jpeg,37
6.jpeg,20
1481.jpeg,19
1194.jpeg,16
283.jpeg,35
560.jpeg,47
1285.jpeg,39
1145.jpeg,9
151.jpeg,0
1027.jpeg,35
583.jpeg,19
701.jpeg,35
737.jpeg,34
1164.jpeg,35
1303.jpeg,36
912.jpeg,32
281.jpeg,9
177.jpeg,37
1403.jpeg,46
1310.jpeg,32
376.jpeg,30
639.jpeg,35
19.jpeg,35
953.jpeg,16
762.jpeg,32
162.jpeg,37
969.jpeg,3
987.jpeg,35
442.jpeg,29
362.jpeg,19
291.jpeg,25
1230.jpeg,15
842.jpeg,48
749.jpeg,8
866.jpeg,47
221.jpeg,25
1460.jpeg,3
1281.jpeg,9
1455.jpeg,39
462.jpeg,48
878.jpeg,15
60.jpeg,27
586.jpeg,46
758.jpeg,48
854.jpeg,35
613.jpeg,21
1085.jpeg,0
1127.jpeg,18
714.jpeg,9
922.jpeg,35
454.jpeg,16
120.jpeg,9
1208.jpeg,20
1215.jpeg,21
1161.jpeg,29
596.jpeg,46
130.jpeg,13
1340.jpeg,0
972.jpeg,37
835.jpeg,37
1252.jpeg,27
1174.jpeg,3
1373.jpeg,37
949.jpeg,20
994.jpeg,35
730.jpeg,36
1268.jpeg,35
896.jpeg,35
1191.jpeg,35
1331.jpeg,20
903.jpeg,29
433.jpeg,18
913.jpeg,32
93.jpeg,3
573.jpeg,32
455.jpeg,32
354.jpeg,47
585.jpeg,16
345.jpeg,5
1415.jpeg,37
293.jpeg,34
892.jpeg,21
465.jpeg,31
653.jpeg,19
123.jpeg,29
1444.jpeg,21
1447.jpeg,3
270.jpeg,32
273.jpeg,27
1358.jpeg,28
665.jpeg,20
1006.jpeg,20
511.jpeg,27
1017.jpeg,35
1213.jpeg,47
410.jpeg,34
1070.jpeg,39
1057.jpeg,47
368.jpeg,35
1312.jpeg,39
1180.jpeg,47
635.jpeg,18
816.jpeg,30
626.jpeg,32
369.jpeg,35
104.jpeg,21
746.jpeg,35
690.jpeg,0
215.jpeg,27
711.jpeg,44
1084.jpeg,20
571.jpeg,35
11.jpeg,34
671.jpeg,37
52.jpeg,15
467.jpeg,21
1311.jpeg,48
537.jpeg,9
603.jpeg,35
349.jpeg,25
1067.jpeg,26
1350.jpeg,37
204.jpeg,35
1282.jpeg,26
464.jpeg,35
260.jpeg,35
640.jpeg,32
576.jpeg,35
853.jpeg,20
324.jpeg,35
228.jpeg,29
235.jpeg,3
241.jpeg,19
688.jpeg,48
359.jpeg,34
1390.jpeg,13
131.jpeg,35
76.jpeg,48
397.jpeg,34
1231.jpeg,10
152.jpeg,21
54.jpeg,21
1467.jpeg,34
222.jpeg,25
59.jpeg,35
243.jpeg,35
1295.jpeg,0
0.jpeg,20
612.jpeg,29
267.jpeg,27
1045.jpeg,34
1400.jpeg,25
827.jpeg,18
1217.jpeg,19
1015.jpeg,35
480.jpeg,10
1316.jpeg,35
439.jpeg,45
163.jpeg,35
374.jpeg,31
720.jpeg,9
811.jpeg,0
907.jpeg,20
649.jpeg,32
1364.jpeg,18
895.jpeg,11
488.jpeg,37
849.jpeg,45
1143.jpeg,27
794.jpeg,35
919.jpeg,9
1220.jpeg,47
517.jpeg,34
818.jpeg,35
1332.jpeg,47
675.jpeg,30
954.jpeg,35
296.jpeg,35
1377.jpeg,35
774.jpeg,38
1264.jpeg,16
212.jpeg,29
309.jpeg,35
450.jpeg,35
679.jpeg,33
725.jpeg,24
320.jpeg,29
775.jpeg,20
1221.jpeg,47
35.jpeg,31
597.jpeg,36
1355.jpeg,22
1163.jpeg,15
160.jpeg,37
113.jpeg,0
1034.jpeg,34
681.jpeg,46
30.jpeg,20
1292.jpeg,9
1342.jpeg,25
906.jpeg,35
588.jpeg,27
547.jpeg,17
598.jpeg,36
862.jpeg,37
1040.jpeg,29
1395.jpeg,3
468.jpeg,0
1435.jpeg,45
412.jpeg,3
342.jpeg,35
431.jpeg,20
960.jpeg,10
158.jpeg,45
751.jpeg,35
1134.jpeg,32
876.jpeg,21
785.jpeg,35
321.jpeg,30
1157.jpeg,21
314.jpeg,37
1025.jpeg,19
78.jpeg,44
390.jpeg,29
1277.jpeg,44
504.jpeg,18
1023.jpeg,33
272.jpeg,16
810.jpeg,21
733.jpeg,35
1000.jpeg,39
214.jpeg,35
984.jpeg,35
1381.jpeg,45
776.jpeg,47
654.jpeg,47
305.jpeg,5
568.jpeg,9
616.jpeg,47
608.jpeg,29
697.jpeg,35
1099.jpeg,3
1094.jpeg,21
330.jpeg,30
458.jpeg,28
1275.jpeg,47
724.jpeg,35
256.jpeg,47
883.jpeg,18
539.jpeg,48
795.jpeg,26
959.jpeg,35
244.jpeg,47
388.jpeg,18
966.jpeg,35
372.jpeg,45
928.jpeg,18
351.jpeg,20
82.jpeg,47
337.jpeg,3
844.jpeg,29
171.jpeg,34
80.jpeg,21
662.jpeg,35
1154.jpeg,25
1120.jpeg,47
1388.jpeg,20
380.jpeg,35
361.jpeg,16
1412.jpeg,19
1321.jpeg,35
607.jpeg,35
847.jpeg,0
541.jpeg,35
279.jpeg,35
471.jpeg,47
286.jpeg,18
538.jpeg,32
1251.jpeg,35
332.jpeg,34
432.jpeg,46
137.jpeg,30
925.jpeg,20
49.jpeg,3
290.jpeg,19
973.jpeg,35
227.jpeg,45
79.jpeg,28
590.jpeg,19
540.jpeg,21
891.jpeg,18
248.jpeg,34
851.jpeg,37
287.jpeg,9
800.jpeg,34
1110.jpeg,3
1371.jpeg,13
606.jpeg,39
269.jpeg,10
1442.jpeg,29
1399.jpeg,35
425.jpeg,39
869.jpeg,35
577.jpeg,31
509.jpeg,3
867.jpeg,37
884.jpeg,32
100.jpeg,31
460.jpeg,9
594.jpeg,18
581.jpeg,29
499.jpeg,32
971.jpeg,47
70.jpeg,18
700.jpeg,34
453.jpeg,18
1082.jpeg,35
937.jpeg,37
729.jpeg,35
1320.jpeg,38
143.jpeg,25
652.jpeg,47
304.jpeg,0
191.jpeg,5
140.jpeg,37
535.jpeg,10
1150.jpeg,27
1104.jpeg,28
1129.jpeg,36
247.jpeg,20
1318.jpeg,35
999.jpeg,22
28.jpeg,21
478.jpeg,16
207.jpeg,34
1430.jpeg,13
1440.jpeg,29
1206.jpeg,19
415.jpeg,21
1125.jpeg,16
1101.jpeg,34
1416.jpeg,35
134.jpeg,35
872.jpeg,27
1356.jpeg,47
979.jpeg,35
45.jpeg,35
1074.jpeg,35
25.jpeg,15
664.jpeg,0
802.jpeg,29
327.jpeg,18
8.jpeg,45
1434.jpeg,22
525.jpeg,35
1263.jpeg,32
1333.jpeg,23
1463.jpeg,35
859.jpeg,35
519.jpeg,21
485.jpeg,31
311.jpeg,37
1489.jpeg,3
1075.jpeg,19
567.jpeg,27
614.jpeg,27
1106.jpeg,18
1459.jpeg,35
750.jpeg,18
839.jpeg,30
494.jpeg,9
57.jpeg,21
128.jpeg,36
868.jpeg,27
1014.jpeg,32
264.jpeg,3
693.jpeg,29
266.jpeg,9
905.jpeg,35
1450.jpeg,30
423.jpeg,47
1424.jpeg,29
678.jpeg,8
790.jpeg,32
1383.jpeg,36
1153.jpeg,47
1419.jpeg,3
1212.jpeg,35
1148.jpeg,31
200.jpeg,9
705.jpeg,40
288.jpeg,37
761.jpeg,37
513.jpeg,35
609.jpeg,25
674.jpeg,39
379.jpeg,37
713.jpeg,28
1054.jpeg,35
1135.jpeg,18
1203.jpeg,34
47.jpeg,45
1289.jpeg,35
1272.jpeg,18
95.jpeg,45
1451.jpeg,35
51.jpeg,32
1172.jpeg,28
476.jpeg,39
189.jpeg,25
753.jpeg,16
1334.jpeg,35
1471.jpeg,3
187.jpeg,21
817.jpeg,36
763.jpeg,10
694.jpeg,20
1477.jpeg,47
105.jpeg,18
116.jpeg,47
1443.jpeg,48
1140.jpeg,47
448.jpeg,39
1008.jpeg,36
253.jpeg,20
1187.jpeg,47
575.jpeg,37
587.jpeg,3
531.jpeg,25
812.jpeg,35
219.jpeg,31
1501.jpeg,35
34.jpeg,35
836.jpeg,38
696.jpeg,40
1155.jpeg,34
306.jpeg,35
1232.jpeg,3
496.jpeg,31
457.jpeg,21
366.jpeg,45
1391.jpeg,35
900.jpeg,37
322.jpeg,32
77.jpeg,47
1019.jpeg,16
426.jpeg,9
981.jpeg,9
1298.jpeg,3
142.jpeg,35
861.jpeg,25
491.jpeg,21
964.jpeg,15
119.jpeg,35
780.jpeg,47
1131.jpeg,35
1404.jpeg,20
1165.jpeg,25
259.jpeg,0
172.jpeg,9
138.jpeg,18
1438.jpeg,19
1433.jpeg,3
521.jpeg,45
1486.jpeg,39
1240.jpeg,48
404.jpeg,35
806.jpeg,9
695.jpeg,26
542.jpeg,30
27.jpeg,39
1071.jpeg,34
224.jpeg,30
1136.jpeg,35
1276.jpeg,9
26.jpeg,34
1055.jpeg,3
353.jpeg,35
989.jpeg,47
195.jpeg,39
1291.jpeg,25
106.jpeg,21
1475.jpeg,9
40.jpeg,13
564.jpeg,37
988.jpeg,16
766.jpeg,21
411.jpeg,35
1406.jpeg,38
1366.jpeg,9
551.jpeg,35
29.jpeg,21
1039.jpeg,48
901.jpeg,28
1244.jpeg,31
268.jpeg,32
487.jpeg,37
574.jpeg,32
1233.jpeg,34
1210.jpeg,45
230.jpeg,22
591.jpeg,40
1270.jpeg,45
570.jpeg,47
978.jpeg,38
549.jpeg,30
409.jpeg,26
307.jpeg,46
759.jpeg,38
20.jpeg,13
945.jpeg,21
1124.jpeg,35
1088.jpeg,32
1457.jpeg,0
702.jpeg,38
1500.jpeg,36
837.jpeg,18
830.jpeg,18
242.jpeg,20
393.jpeg,20
918.jpeg,27
1384.jpeg,31
769.jpeg,31
1026.jpeg,0
1453.jpeg,21
199.jpeg,32
968.jpeg,25
500.jpeg,29
153.jpeg,35
343.jpeg,5
180.jpeg,35
1428.jpeg,3
1149.jpeg,0
1234.jpeg,39
793.jpeg,35
1398.jpeg,20
879.jpeg,20
459.jpeg,18
90.jpeg,35
1077.jpeg,37
629.jpeg,37
1468.jpeg,30
1361.jpeg,34
522.jpeg,33
708.jpeg,36
965.jpeg,35
1041.jpeg,3
102.jpeg,32
48.jpeg,46
237.jpeg,35
490.jpeg,3
865.jpeg,5
1229.jpeg,28
1478.jpeg,47
31.jpeg,35
823.jpeg,9
1175.jpeg,35
278.jpeg,32
734.jpeg,34
41.jpeg,32
110.jpeg,19
643.jpeg,35
403.jpeg,45
149.jpeg,39
132.jpeg,47
882.jpeg,20
438.jpeg,48
1283.jpeg,16
1317.jpeg,27
618.jpeg,27
1031.jpeg,30
764.jpeg,47
88.jpeg,39
683.jpeg,44
1190.jpeg,35
515.jpeg,26
210.jpeg,24
1306.jpeg,35
1365.jpeg,31
510.jpeg,47
602.jpeg,35
184.jpeg,31
1122.jpeg,27
56.jpeg,3
1033.jpeg,34
502.jpeg,0
961.jpeg,29
144.jpeg,35
443.jpeg,27
955.jpeg,3
1162.jpeg,37
1050.jpeg,25
1095.jpeg,47
1363.jpeg,29
716.jpeg,35
871.jpeg,9
449.jpeg,47
164.jpeg,29
745.jpeg,35
83.jpeg,31
1004.jpeg,9
1420.jpeg,3
601.jpeg,30
340.jpeg,20
687.jpeg,33
118.jpeg,35
676.jpeg,35
962.jpeg,0
942.jpeg,35
520.jpeg,35
1219.jpeg,3
732.jpeg,0
927.jpeg,21
282.jpeg,46
569.jpeg,20
64.jpeg,13
387.jpeg,20
863.jpeg,32
1222.jpeg,29
371.jpeg,9
71.jpeg,8
747.jpeg,18
72.jpeg,35
516.jpeg,35
280.jpeg,3
728.jpeg,9
1005.jpeg,19
194.jpeg,35
562.jpeg,27
993.jpeg,13
1111.jpeg,35
743.jpeg,27
1028.jpeg,15
557.jpeg,22
5.jpeg,6
470.jpeg,34
600.jpeg,35
926.jpeg,31
146.jpeg,28
881.jpeg,29
1196.jpeg,35
792.jpeg,39
680.jpeg,35
1178.jpeg,20
1301.jpeg,35
1452.jpeg,31
1245.jpeg,47
209.jpeg,29
610.jpeg,31
808.jpeg,47
1382.jpeg,35
651.jpeg,31
1329.jpeg,15
686.jpeg,34
888.jpeg,10
992.jpeg,0
255.jpeg,35
1047.jpeg,37
546.jpeg,9
492.jpeg,35
633.jpeg,0
1061.jpeg,13
771.jpeg,20
628.jpeg,16
303.jpeg,25
1490.jpeg,28
946.jpeg,20
405.jpeg,13
986.jpeg,20
1118.jpeg,3
1409.jpeg,45
703.jpeg,39
451.jpeg,35
263.jpeg,35
1011.jpeg,27
852.jpeg,10
1037.jpeg,47
754.jpeg,0
150.jpeg,47
117.jpeg,39
469.jpeg,3
1325.jpeg,3
218.jpeg,21
81.jpeg,39
1192.jpeg,3
1062.jpeg,37
822.jpeg,9
717.jpeg,18
313.jpeg,46
920.jpeg,35
87.jpeg,37
22.jpeg,16
731.jpeg,34
473.jpeg,48
1022.jpeg,40
951.jpeg,9
1138.jpeg,9
715.jpeg,25
430.jpeg,3
1266.jpeg,25
1238.jpeg,35
1224.jpeg,45
657.jpeg,15
136.jpeg,10
1167.jpeg,19
1183.jpeg,30
712.jpeg,47
770.jpeg,35
1441.jpeg,35
216.jpeg,26
12.jpeg,3
190.jpeg,20
1079.jpeg,18
1103.jpeg,28
1225.jpeg,47
68.jpeg,35
824.jpeg,1
1485.jpeg,39
975.jpeg,34
1487.jpeg,27
1059.jpeg,35
108.jpeg,48
1425.jpeg,29
799.jpeg,28
493.jpeg,39
1255.jpeg,20
940.jpeg,35
1470.jpeg,13
1016.jpeg,19
526.jpeg,37
1257.jpeg,35
638.jpeg,35
672.jpeg,21
740.jpeg,8
1308.jpeg,47
101.jpeg,18
503.jpeg,35
1030.jpeg,35
181.jpeg,3
840.jpeg,35
1087.jpeg,37
384.jpeg,36
339.jpeg,35
13.jpeg,32
682.jpeg,9
15.jpeg,37
1038.jpeg,27
249.jpeg,35
645.jpeg,39
310.jpeg,26
395.jpeg,7
1341.jpeg,35
636.jpeg,15
312.jpeg,10
363.jpeg,3
42.jpeg,44
360.jpeg,32
252.jpeg,3
121.jpeg,15
592.jpeg,37
578.jpeg,22
277.jpeg,35
656.jpeg,3
1426.jpeg,45
660.jpeg,3
634.jpeg,47
65.jpeg,40
870.jpeg,39
1461.jpeg,29
217.jpeg,35
623.jpeg,11
1100.jpeg,48
373.jpeg,0
838.jpeg,18
1185.jpeg,16
706.jpeg,27
632.jpeg,3
62.jpeg,20
33.jpeg,47
1137.jpeg,37
429.jpeg,8
399.jpeg,37
958.jpeg,47
627.jpeg,9
447.jpeg,35
1181.jpeg,21
422.jpeg,24
625.jpeg,47
1410.jpeg,37
350.jpeg,35
796.jpeg,13
1354.jpeg,5
1142.jpeg,20
381.jpeg,32
1130.jpeg,21
846.jpeg,33
472.jpeg,5
1024.jpeg,29
624.jpeg,37
825.jpeg,27
1469.jpeg,40
1012.jpeg,34
178.jpeg,35
1369.jpeg,27
75.jpeg,32
1239.jpeg,38
963.jpeg,10
894.jpeg,8
921.jpeg,36
809.jpeg,31
995.jpeg,35
605.jpeg,3
335.jpeg,20
1353.jpeg,21
1492.jpeg,28
642.jpeg,37
18.jpeg,37
295.jpeg,18
533.jpeg,30
1351.jpeg,21
139.jpeg,31
1020.jpeg,35
398.jpeg,37
348.jpeg,32
1499.jpeg,20
1060.jpeg,37
1021.jpeg,38
1397.jpeg,29
1063.jpeg,35
497.jpeg,37
611.jpeg,20
317.jpeg,24
182.jpeg,26
615.jpeg,18
543.jpeg,31
1243.jpeg,45
1324.jpeg,0
1279.jpeg,25
1201.jpeg,18
421.jpeg,18
748.jpeg,37
154.jpeg,0
63.jpeg,32
930.jpeg,45
1108.jpeg,0
69.jpeg,16
170.jpeg,29
684.jpeg,47
1169.jpeg,19
1269.jpeg,45
1462.jpeg,31
1271.jpeg,21
341.jpeg,45
501.jpeg,21
232.jpeg,35
1466.jpeg,25
507.jpeg,35
1347.jpeg,48
96.jpeg,35
1336.jpeg,37
466.jpeg,31
1080.jpeg,19
428.jpeg,35
1168.jpeg,38
1472.jpeg,35
1228.jpeg,35
226.jpeg,11
418.jpeg,37
669.jpeg,9
1376.jpeg,36
1446.jpeg,21
1171.jpeg,45
831.jpeg,20
1227.jpeg,25
261.jpeg,9
392.jpeg,35
617.jpeg,3
1302.jpeg,18
58.jpeg,39
1367.jpeg,20
707.jpeg,35
484.jpeg,10
183.jpeg,35
271.jpeg,37
1053.jpeg,20
710.jpeg,0
1065.jpeg,11
848.jpeg,13
452.jpeg,35
107.jpeg,29
238.jpeg,22
864.jpeg,27
1497.jpeg,21
114.jpeg,48
998.jpeg,29
528.jpeg,15
1105.jpeg,6
1322.jpeg,9
523.jpeg,27
1002.jpeg,15
1078.jpeg,27
298.jpeg,25
166.jpeg,27
474.jpeg,40
829.jpeg,3
1432.jpeg,20
580.jpeg,25
980.jpeg,21
1107.jpeg,25
1182.jpeg,48
416.jpeg,35
1089.jpeg,30
169.jpeg,3
1385.jpeg,20
699.jpeg,20
648.jpeg,35
1323.jpeg,21
358.jpeg,18
1076.jpeg,3
755.jpeg,35
1044.jpeg,26
36.jpeg,47
61.jpeg,9
741.jpeg,47
1495.jpeg,20
1159.jpeg,30
1337.jpeg,36
300.jpeg,18
957.jpeg,18
188.jpeg,31
873.jpeg,45
1188.jpeg,37
948.jpeg,15
66.jpeg,35
1372.jpeg,27
692.jpeg,48
947.jpeg,35
109.jpeg,31
1209.jpeg,20
1437.jpeg,34
55.jpeg,30
1123.jpeg,20
1177.jpeg,22
944.jpeg,37
334.jpeg,37
781.jpeg,9
297.jpeg,9
875.jpeg,13
1052.jpeg,35
1296.jpeg,32
1179.jpeg,35
127.jpeg,13
1273.jpeg,37
997.jpeg,37
1422.jpeg,35
1200.jpeg,15
1368.jpeg,37
328.jpeg,35
1133.jpeg,37
161.jpeg,21
548.jpeg,18
456.jpeg,47
1097.jpeg,0
1407.jpeg,47
967.jpeg,28
377.jpeg,32
739.jpeg,35
352.jpeg,29
803.jpeg,20
579.jpeg,35
1474.jpeg,47
1096.jpeg,36
1429.jpeg,22
389.jpeg,35
122.jpeg,15
924.jpeg,35
667.jpeg,30
1066.jpeg,22
514.jpeg,32
661.jpeg,35
441.jpeg,34
670.jpeg,16
1349.jpeg,31
985.jpeg,35
179.jpeg,35
1173.jpeg,27
437.jpeg,30
239.jpeg,40
850.jpeg,35
1156.jpeg,32
1069.jpeg,27
99.jpeg,6
621.jpeg,32
417.jpeg,35
156.jpeg,5
727.jpeg,37
1018.jpeg,18
1121.jpeg,35
331.jpeg,29
899.jpeg,37
909.jpeg,8
1352.jpeg,4
1081.jpeg,31
819.jpeg,9
572.jpeg,15
1299.jpeg,25
787.jpeg,31
834.jpeg,35
299.jpeg,26
1250.jpeg,18
135.jpeg,39
1339.jpeg,9
89.jpeg,35
1297.jpeg,20
206.jpeg,40
916.jpeg,10
779.jpeg,11
1256.jpeg,36
1502.jpeg,9
213.jpeg,34
385.jpeg,18
814.jpeg,16
408.jpeg,35
208.jpeg,20
1152.jpeg,47
691.jpeg,32
176.jpeg,33
174.jpeg,32
1170.jpeg,35
1049.jpeg,35
524.jpeg,28
1370.jpeg,9
1479.jpeg,35
820.jpeg,20
599.jpeg,21
772.jpeg,32
1197.jpeg,10
915.jpeg,37
375.jpeg,34
1064.jpeg,9
168.jpeg,22
73.jpeg,3
742.jpeg,19
486.jpeg,18
1113.jpeg,35
637.jpeg,9
1313.jpeg,39
563.jpeg,34
1001.jpeg,32
346.jpeg,35
1090.jpeg,30
1223.jpeg,3
798.jpeg,35
1247.jpeg,20
929.jpeg,16
1112.jpeg,37
1387.jpeg,20
17.jpeg,39
292.jpeg,40
1102.jpeg,40
1484.jpeg,36
970.jpeg,31
308.jpeg,37
301.jpeg,15
832.jpeg,11
53.jpeg,20
329.jpeg,33
650.jpeg,9
97.jpeg,20
43.jpeg,0
173.jpeg,27
414.jpeg,16
1445.jpeg,31
932.jpeg,37
427.jpeg,16
677.jpeg,0
1115.jpeg,47
934.jpeg,20
558.jpeg,31
434.jpeg,35
719.jpeg,20
446.jpeg,25
419.jpeg,0
1205.jpeg,15
668.jpeg,18
1147.jpeg,35
765.jpeg,27
318.jpeg,47
1392.jpeg,29
1035.jpeg,27
44.jpeg,15
1343.jpeg,26
1265.jpeg,20
552.jpeg,27
1393.jpeg,18
982.jpeg,37
1056.jpeg,30
804.jpeg,26
1480.jpeg,35
630.jpeg,37
1421.jpeg,18
125.jpeg,5
24.jpeg,18
475.jpeg,25
622.jpeg,10
845.jpeg,9
1199.jpeg,27
1193.jpeg,9
983.jpeg,47
1216.jpeg,19
1496.jpeg,32
1246.jpeg,13
1294.jpeg,35
1166.jpeg,35
396.jpeg,44
1144.jpeg,35
647.jpeg,20
923.jpeg,31
777.jpeg,48
112.jpeg,35
689.jpeg,16
757.jpeg,20
1186.jpeg,3
1048.jpeg,34
145.jpeg,29
1262.jpeg,37
39.jpeg,35
631.jpeg,29
103.jpeg,35
976.jpeg,35
91.jpeg,9
1423.jpeg,39
336.jpeg,8
1456.jpeg,45
251.jpeg,25
424.jpeg,18
365.jpeg,38
197.jpeg,29
1258.jpeg,35
14.jpeg,32
1032.jpeg,30
1284.jpeg,32
1116.jpeg,3
1305.jpeg,25
23.jpeg,35
874.jpeg,8
1092.jpeg,44
1379.jpeg,37
391.jpeg,18
1068.jpeg,46
855.jpeg,24
302.jpeg,32
663.jpeg,29
155.jpeg,29
1003.jpeg,37
1146.jpeg,34
673.jpeg,35
386.jpeg,39
1476.jpeg,47
94.jpeg,18
1360.jpeg,27
479.jpeg,35
1498.jpeg,35
32.jpeg,47
1248.jpeg,47
367.jpeg,22
148.jpeg,48
1158.jpeg,38
406.jpeg,45
274.jpeg,18
477.jpeg,35
198.jpeg,9
1042.jpeg,29
38.jpeg,48
760.jpeg,35
126.jpeg,21
841.jpeg,9
813.jpeg,0
285.jpeg,10
175.jpeg,35
1261.jpeg,10
1109.jpeg,39
185.jpeg,31
250.jpeg,37
436.jpeg,36
165.jpeg,35
407.jpeg,25
1278.jpeg,25
788.jpeg,45
641.jpeg,18
338.jpeg,5
196.jpeg,37
1117.jpeg,0
550.jpeg,32
908.jpeg,35
461.jpeg,0
530.jpeg,9
778.jpeg,21
1046.jpeg,45
1176.jpeg,37
234.jpeg,25
167.jpeg,48
933.jpeg,35
370.jpeg,20
566.jpeg,9
658.jpeg,26
326.jpeg,19
655.jpeg,48
1184.jpeg,20
1494.jpeg,29
1242.jpeg,47
1401.jpeg,33
233.jpeg,35
10.jpeg,35
898.jpeg,12
1260.jpeg,37
1293.jpeg,34
1139.jpeg,11
554.jpeg,35
1091.jpeg,18
1288.jpeg,10
1010.jpeg,35
355.jpeg,35
508.jpeg,30
1274.jpeg,34
512.jpeg,35
1290.jpeg,26
756.jpeg,18
1345.jpeg,37
1362.jpeg,37
1357.jpeg,36
240.jpeg,39
1314.jpeg,9
294.jpeg,37
1344.jpeg,11
518.jpeg,47
595.jpeg,44
532.jpeg,48
275.jpeg,20
698.jpeg,48
495.jpeg,34
1198.jpeg,25
768.jpeg,18
1204.jpeg,31
205.jpeg,13
833.jpeg,46
16.jpeg,29
1254.jpeg,37
193.jpeg,46
344.jpeg,20
950.jpeg,35
1083.jpeg,45
893.jpeg,45
744.jpeg,3
1359.jpeg,35
527.jpeg,25
646.jpeg,37
1417.jpeg,20
7.jpeg,0
723.jpeg,35
400.jpeg,29
773.jpeg,21
1086.jpeg,35
582.jpeg,35
483.jpeg,20
726.jpeg,32
223.jpeg,47
659.jpeg,34
1465.jpeg,32
1389.jpeg,31
931.jpeg,9
1132.jpeg,3
9.jpeg,16
1418.jpeg,33
889.jpeg,19
935.jpeg,15
265.jpeg,16
1413.jpeg,5
1128.jpeg,20
1448.jpeg,16
440.jpeg,18
463.jpeg,9
124.jpeg,19
315.jpeg,11
186.jpeg,31
319.jpeg,20
489.jpeg,32
939.jpeg,35
1073.jpeg,39
